adminContact, orgName, isoCC, subRegion, region, ipv4, ipv6, loadBalanced, httpWebsiteMirror, httpsWebsiteMirror, rsyncWebsiteMirror, ftpWebsiteMirror, httpDistMirror, httpsDistMirror, rsyncDistMirror, hiddenServiceMirror, updateDate
mirror@xfree.com.ar, Xfree.com.ar, AR, Argentina, South America, TRUE, FALSE, No, http://tor.xfree.com.ar/, , , , http://tor.xfree.com.ar/dist/, , , , 
tormirror0121.10.swsnyder@spamgourmet.com, tormirror, DE, Germany, DE, TRUE, FALSE, No, http://tormirror.snydernet.net/, https://tormirror.snydernet.net/, , http://tormirror.snydernet.net/dist/, https://tormirror.snydernet.net/dist/, , , , 
hostmaster AT example DOT com, TheOnionRouter, IS, Iceland, Iceland, TRUE, FALSE, No, http://www.theonionrouter.com/, , , , http://www.theonionrouter.com/dist/, , , , 
tor@datensicherhe.it, datensicherhe.it, AT, Austria, Europe, TRUE, FALSE, No, http://datensicherhe.it/torproject, https://datensicherhe.it/torproject, , , http://datensicherhe.it/torproject/dist/, https://datensicherhe.it/torproject/dist/, , , 
peter AT ludikovsky DOT name, Tor Supporter, AT, Austria, Europe, TRUE, TRUE, No, http://tor.ludikovsky.name/, https://tor.ludikovsky.name/, rsync://tor.ludikovsky.name/tor, , http://tor.ludikovsky.name/dist, https://tor.ludikovsky.name/dist, rsync://tor.ludikovsky.name/tor-dist, http://54lnbzjo6xlr4f4j.onion/, 
paul at coffswifi.net, CoffsWiFi, AU, Australia and New Zealand, APNIC, TRUE, FALSE, No, http://torproject.coffswifi.net, , , , http://torproject.coffswifi.net/dist, , , , 
noc AT babylon DOT network, Babylon Network, CA, Canada, CA, TRUE, TRUE, No, http://ca.mirror.babylon.network/torproject/, https://ca.mirror.babylon.network/torproject/, rsync://ca.mirror.babylon.network/torproject/, ftp://ca.mirror.babylon.network/torproject/, http://ca.mirror.babylon.network/torproject/dist/, https://ca.mirror.babylon.network/torproject/dist/, rsync://ca.mirror.babylon.network/torproject/dist/, , 
Tor AT goodeid DOT com, Tor Supporter, CA, Canada, CA, TRUE, FALSE, No, http://goodeid.com/mirrors/tor-project.org/, , , , http://goodeid.com/mirrors/tor-project.org/dist/, , , , 
tor@les.net, tor@les.net, CA, Canada, CA, TRUE, FALSE, No, http://tor.les.net/, , , , http://tor.les.net/dist, , , , 
tor@0x3d.lu, 0x3d.lu, DE, Germany, Europe, TRUE, FALSE, No, http://tor.0x3d.lu/, https://tor.0x3d.lu/, , , http://tor.0x3d.lu/dist/, https://tor.0x3d.lu/dist/, , , 
webmaster AT ccc DOT de, Chaos Computer Club, DE, Germany, Europe, TRUE, FALSE, No, http://tor.ccc.de/, https://tor.ccc.de, , , http://tor.ccc.de/dist/, https://tor.ccc.de/dist/, , , 
Tor Fan, crazyhaze.de, DE, Germany, DE, TRUE, FALSE, No, http://tor.crazyhaze.de/, https://tor.crazyhaze.de/, , , http://tor.crazyhaze.de/dist/, https://tor.crazyhaze.de/dist/, , , 
doemela[AT]cyberguerrilla[DOT]org, cYbergueRrilLa AnonyMous NeXus, DE, Germany, DE, TRUE, FALSE, No, , https://tor-mirror.cyberguerrilla.org, , , , https://tor-mirror.cyberguerrilla.org/dist/, , http://6dvj6v5imhny3anf.onion, 
contact@gtor.org, Gtor, DE, Germany, DE, TRUE, TRUE, No, http://torproject.gtor.org/, https://torproject.gtor.org/, rsync://torproject.gtor.org/website-mirror/, , http://torproject.gtor.org/dist/, https://torproject.gtor.org/dist/, rsync://torproject.gtor.org/website-mirror/dist/, , 
HdO Tor, HdO Tor Supporter, DE, Germany, US, TRUE, TRUE, No, http://tor.hdoev.de/, , , , http://tor.hdoev.de/dist/, , , , 
tor#pajonzeck#de, ITsn, DE, Germany, Europe, TRUE, FALSE, No, http://tor.pajonzeck.de/, https://tor.pajonzeck.de/, rsync://tor.pajonzeck.de/tor, , http://tor.pajonzeck.de/dist/, https://tor.pajonzeck.de/dist/, rsync://tor.pajonzeck.de/tor/dist, http://zgfgvob256pffy62.onion, 
tor@moparisthebest.com, moparisthebest.com, DE, Germany, Europe, TRUE, TRUE, No, http://www.moparisthebest.com/tor/, https://www.moparisthebest.com/tor/, , , http://www.moparisthebest.com/tor/dist/, https://www.moparisthebest.com/tor/dist/, , , 
mirror-service@netcologne.de, NetCologne GmbH, DE, NRW, DE, TRUE, TRUE, No, http://mirror.netcologne.de/torproject.org, , rsync://mirror.netcologne.de/torproject.org, ftp://mirror.netcologne.de/torproject.org/, http://mirror.netcologne.de/torproject.org/dist, , rsync://mirror.netcologne.de/torproject.org/dist, , 
mirror ntzk de, Netzkonstrukt Berlin, DE, Germany, Europe, TRUE, FALSE, No, http://mirror.ntzk.de/torproject.org/, https://mirror.ntzk.de/torproject.org/, , , http://mirror.ntzk.de/torproject.org/dist/, https://mirror.ntzk.de/torproject.org/dist/, , , 
Piratenpartei Bayern, Piratenpartei Bayern, DE, Germany, DE, TRUE, FALSE, No, http://tormirror.piratenpartei-bayern.de, https://tormirror.piratenpartei-bayern.de, , , http://tormirror.piratenpartei-bayern.de/dist/, https://tormirror.piratenpartei-bayern.de/dist/, , , 
PW, PW, DE, Germany, DE, TRUE, TRUE, No, http://tor.pw.is/, https://www.it-sicherheitschannel.de/, , , http://tor.pw.is/dist/, https://www.it-sicherheitschannel.de/dist/, , , 
Stefan, sela Internet, DE, Germany, DE, TRUE, TRUE, No, http://sela.io/mirrors/torproject.org/, https://sela.io/mirrors/torproject.org/, , , http://sela.io/mirrors/torproject.org/dist/, https://sela.io/mirrors/torproject.org/dist/, , , 
Tor Fan, spline, DE, Germany, DE, TRUE, FALSE, No, http://tor.spline.de/, https://tor.spline.inf.fu-berlin.de/, rsync://ftp.spline.de/tor, ftp://ftp.spline.de/pub/tor, http://tor.spline.de/dist/, https://tor.spline.inf.fu-berlin.de/dist/, rsync://ftp.spline.de/tor/dist, , 
torsupport AT tb-itf DOT de, TB-ITF, DE, Germany, Europe, TRUE, TRUE, No, http://tormirror.tb-itf-tor.de, https://tormirror.tb-itf-tor.de, , , http://tormirror.tb-itf-tor.de/dist/, https://tormirror.tb-itf-tor.de/dist/, , , 
Tor Fan, Tor Supporter, DE, Germany, DE, TRUE, TRUE, No, http://tor.hoi-polloi.org, https://tor.hoi-polloi.org/, , , http://tor.hoi-polloi.org/dist/, https://tor.hoi-polloi.org/dist/, , , 
Tor Fan, Tor Supporter, DE, Germany, DE, TRUE, TRUE, No, http://mirror.velcommuta.de/tor/, https://mirror.velcommuta.de/tor/, , , http://mirror.velcommuta.de/tor/dist/, https://mirror.velcommuta.de/tor/dist/, , , 
Ich Eben, Tor Supporter, DE, Germany, DE, TRUE, TRUE, No, http://reichster.de/mirrors/torproject.org/, https://reichster.de/mirrors/torproject.org, , , http://reichster.de/mirrors/torproject.org/dist/, https://reichster.de/mirrors/torproject.org/dist/, , , 
0x43DE8191, Tor Supporter, DE, Germany, Europe, TRUE, TRUE, No, http://torproject.hactar.bz, , , , http://torproject.hactar.bz/dist/, , , , 
alexander AT dietrich DOT cx, Tor Supporter, DE, Germany, Europe, TRUE, TRUE, No, http://tor.ybti.net/, https://tor.ybti.net/, , , http://tor.ybti.net/dist/, https://tor.ybti.net/dist/, , , 
Tor Fan, torservers, DE, Germany, DE, TRUE, FALSE, No, http://www.torservers.net/mirrors/torproject.org/, https://www.torservers.net/mirrors/torproject.org/, , , http://www.torservers.net/mirrors/torproject.org/dist/, https://www.torservers.net/mirrors/torproject.org/dist/, , http://hbpvnydyyjbmhx6b.onion/mirrors/torproject.org/, 
kontakt AT unicorncloud DOT org, UnicornCloud.org, DE, Germany, Falkenstein, TRUE, FALSE, No, http://mirror.unicorncloud.org/torproject.org/, https://mirror.unicorncloud.org/torproject.org/, , , http://mirror.unicorncloud.org/torproject.org/dist, https://mirror.unicorncloud.org/torproject.org/dist, , , 
margus.random at mail.ee, CyberSIDE, EE, Estonia, EE, TRUE, FALSE, No, http://cyberside.planet.ee/tor/, , , , http://cyberside.net.ee/tor/, , , , 
haskell at gmx.es, Tor Supporter, ES, Spain, Europe, TRUE, TRUE, No, http://tor.zilog.es/, https://tor.zilog.es/, , , http://tor.zilog.es/dist/, https://tor.zilog.es/dist/, , , 
noc AT babylon DOT network, Babylon Network, FR, France, Europe, TRUE, TRUE, No, http://fr.mirror.babylon.network/torproject/, https://fr.mirror.babylon.network/torproject/, rsync://fr.mirror.babylon.network/torproject/, ftp://fr.mirror.babylon.network/torproject/, http://fr.mirror.babylon.network/torproject/dist/, https://fr.mirror.babylon.network/torproject/dist/, rsync://fr.mirror.babylon.network/torproject/dist/, , 
tor-mirror AT rdns DOT cc, d0wn.biz, FR, France, Europe, TRUE, FALSE, No, http://tor.static.lu, https://tor.static.lu, , , http://tor.static.lu/dist/, https://tor.static.lu/dist/, , , 
tor@armbrust.me, Michael Armbruster, FR, France, FR, TRUE, TRUE, No, http://tor.armbrust.me/, https://tor.armbrust.me/, rsync://tor.armbrust.me/tor, , http://tor.armbrust.me/dist/, https://tor.armbrust.me/dist, rsync://tor.armbrust.me/tor-dist, , 
tor@stalkr.net, stalkr.net, FR, France, FR, TRUE, TRUE, No, http://tor.stalkr.net/, https://tor.stalkr.net/, , , http://tor.stalkr.net/dist/, https://tor.stalkr.net/dist/, , , 
fr33tux <AT> general-changelog-team.fr, Tor Supporter, FR, France, FR, TRUE, TRUE, No, http://tor.fr33tux.org, https://tor.fr33tux.org, , , http://tor.fr33tux.org/dist/, https://tor.fr33tux.org/dist/, , , 
tor-admin AT wardsback DOT org, wardsback.org, FR, France, FR, TRUE, FALSE, No, http://alliumcepa.wardsback.org/, , , , http://alliumcepa.wardsback.org/dist/, , , , 
Tor Fan, Tor Supporter, GR, Greece, GR, TRUE, TRUE, No, http://tor.void.gr, https://tor.void.gr, , , http://tor.void.gr/dist/, https://tor.void.gr/dist/, , , 
info /AT enn /DOT lu, Frenn vun der Enn A.S.B.L., IS, Iceland, Europe, TRUE, FALSE, No, http://torproject.lu/, , , , http://torproject.lu/dist/, , , http://btn6gqzqevlhoryd.onion, 
IceBear, myRL.net, IS, Iceland, IS, TRUE, FALSE, No, http://tor.myrl.net/, https://tor.myrl.net/, , , http://tor.myrl.net/dist/, https://tor.myrl.net/dist/, , , 
Tor Fan, torproject.is, IS, Iceland, IS, TRUE, FALSE, No, http://www.torproject.is/, , , , http://www.torproject.is/dist/, , , , 
stefano.fenoglio AT gmail DOT com, Tor Supporter, IT, Italy, Europe, TRUE, FALSE, No, http://tor.stefanof.com, , , , http://tor.stefanof.com/dist, , , , 
Tor Fan, Tor Supporter, MX, Mexico, MX, TRUE, FALSE, No, http://fbnaia.homelinux.net/torproject/, https://fbnaia.homelinux.net/torproject/, , , http://fbnaia.homelinux.net/torproject/dist/, https://fbnaia.homelinux.net/torproject/dist/, , , 
noc AT babylon DOT network, Babylon Network, NL, The Netherlands, Europe, TRUE, TRUE, No, http://nl.mirror.babylon.network/torproject/, https://nl.mirror.babylon.network/torproject/, rsync://nl.mirror.babylon.network/torproject/, ftp://nl.mirror.babylon.network/torproject/, http://nl.mirror.babylon.network/torproject/dist/, https://nl.mirror.babylon.network/torproject/dist/, rsync://nl.mirror.babylon.network/torproject/dist/, , 
NocturnalFilth, Disciples of Disorder, NL, Netherlands, NL, TRUE, FALSE, No, http://torproject.mirror.disciplesofdisorder.com, https://torproject.mirror.disciplesofdisorder.com, , , http://torproject.mirror.disciplesofdisorder.com/dist/, https://torproject.mirror.disciplesofdisorder.com/dist/, , , 
s7r[at]sky-ip[d0t]org, sky-ip.org, NL, Netherlands, NL, TRUE, FALSE, No, http://beautiful-mind.sky-ip.org/, , , , http://beautiful-mind.sky-ip.org/dist/, , , , 
thomaswhite AT riseup DOT net, TheCthulhu, NL, The Netherlands, NL, True, False, No, http://tor.thecthulhu.com/, https://tor.thecthulhu.com/, , , http://tor.thecthulhu.com/dist/, https://tor.thecthulhu.com/dist/, , , 
http://www.multinet.no, MultiNet AS, NO, Trondheim, Trondheim, TRUE, TRUE, No, http://tor.multinet.no/, , , , http://tor.multinet.no/dist/, , , , 
Tor Fan, Soviet Anonymous, RU, Russia, RU, TRUE, FALSE, No, http://creep.im/tor, https://creep.im/tor, rsync://creep.im/tor, ftp://creep.im/mirrors/tor, http://creep.im/tor/dist/, https://creep.im/tor/dist/, rsync://creep.im/tor-dist, , 
hsu AT peterdavehellor DOT org, Department of CSE. Yuan Ze University, TW, Taiwan, Asia, TRUE, FALSE, No, http://ftp.yzu.edu.tw/torproject.org/, https://ftp.yzu.edu.tw/torproject.org/, rsync://ftp.yzu.edu.tw/pub/torproject.org/, ftp://ftp.yzu.edu.tw/torproject.org/, http://ftp.yzu.edu.tw/torproject.org/dist/, https://ftp.yzu.edu.tw/torproject.org/dist/, rsync://ftp.yzu.edu.tw/pub/torproject.org/dist/, , 
mirrors[at]ip-connect[dot]vn[dot]ua, IP-Connect LLC, UA, VN, VN, TRUE, TRUE, No, http://torproject.ip-connect.vn.ua, , rsync://torproject.ip-connect.vn.ua/torproject, ftp://torproject.ip-connect.vn.ua/mirror/torproject/, http://torproject.ip-connect.vn.ua/dist, , rsync://torproject.ip-connect.vn.ua/torproject/dist, , 
webmaster AT askapache DOT com, AskApache, US, California, US, TRUE, FALSE, No, http://tor.askapache.com/, , , , http://tor.askapache.com/dist/, , , , 
EFF, EFF, US, United States, US, TRUE, FALSE, No, , https://tor.eff.org, , , , https://tor.eff.org/dist/, , , 
tor AT eprci NET, EPRCI, US, NH, US, TRUE, FALSE, No, http://tor.eprci.net/, https://www.eprci.com/tor/, , , http://tor.eprci.net/dist/, https://www.eprci.com/tor/dist/, , , 
jlgaddis AT gnu DOT org, Evil Routers, US, United States, US, TRUE, FALSE, No, http://tor1.evilrouters.net/, , , , http://tor1.evilrouters.net/dist/, , , , 
James Murphy, intfxdx.com, US, United States, US, TRUE, TRUE, No, http://108.248.87.242/, https://108.248.87.242/, , , http://108.248.87.242/dist/, https://108.248.87.242/dist/, , , 
hostmaster@lucidnetworks.net, Lucid Networks, US, United States, US, TRUE, FALSE, No, http://tor.mirrors.lucidnetworks.net, , rsync://tor.mirrors.lucidnetworks.net::tor, , http://tor.mirrors.lucidnetworks.net/dist, , rsync://tor.mirrors.lucidnetworks.net::tor-dist, , 
john AT quintex.com, Quintex Alliance Consulting, US, TX, US, TRUE, FALSE, No, http://torproject.quintex.com/, https://torproject.quintex.com, rsync://mirror.quintex.com/torprojectwebsite, ftp://mirror.quintex.com/torproject.org, http://torproject.quintex.com/dist, https://torproject.quintex.com/dist, rsync://mirror.quintex.com/torprojectdist, , 
admin AT nuclear DASH weapons DOT net, Setec Administrator, US, Texas, Austin, TRUE, FALSE, No, http://tor.nuclear-weapons.net, https://tor.nuclear-weapons.net, , , http://tor.nuclear-weapons.net/dist, https://tor.nuclear-weapons.net/dist, , , 
nick at calyx dot com, The Calyx Institute, US, United States, North America, TRUE, FALSE, No, http://tor.calyxinstitute.org, https://tor.calyxinstitute.org, , , http://tor.calyxinstitute.org/dist/, https://tor.calyxinstitute.org/dist/, , http://tmdrhl4e4anhsjc5.onion, 
Tor Fan, Tor Supporter, US, United States, US, TRUE, FALSE, No, http://199.175.55.215/, https://199.175.55.215/, , , http://199.175.55.215/dist/, https://199.175.55.215/dist/, , , 
tor at tvdw dot eu, TvdW, XX, Around the world, XX, TRUE, TRUE, Yes, http://tor-exit.network, , , , http://tor-exit.network/dist, , , , 
, , , , , , , , , , , , , , , , 
